,team,data_driven_bias,matchday_0_rank_exp,matchday_0_rank_standard
1,Cavalry FC,-0.199,0.41922888,1572.8275
3,Forge FC,-0.199,0.3463561,1560.1682
5,Pacific FC,-0.199,0.21099418,1536.6534
0,Atlético Ottawa,-0.199,0.17345631,1530.1324
4,HFX Wanderers,-0.199,0.04791876,1508.3243
8,York9 FC,-0.199,-0.038911637,1493.2404
6,Valour FC,-0.199,-0.13959774,1475.7494
2,FC Edmonton,-0.199,-0.49598125,1413.8392
7,Vancouver FC,-0.199,-0.69388634,1379.4596
